Alice	dc9c5edb8b2d479e697b4b0b8ab874f32b325138598ce9e7b759eb8292110622
Anisha	96044d9734b6044127dea24e9447d6230ed522668773f12934b5e8b66b9d707a
Vimes	d16f06fe255d801e0639b8d749b815ea9e788af7b9ceba2b773c1dbc8f080442
Vetinari	bbbf7a6412d6d3e8244ac1fda5e35a20037acee661288cb95b7b18cf469980aa
Lizzie Bennet	e08aef19080b45dade902ab0455d8b96e5b05f1347c50f0059cd12c1a9fb3369
Emma	2a0b6287a0e65cff2844cf0887b1c19d960385071c4a0da3d90cfea2c3824e3f
.*	04378cb17256214b784b08d285487a14b2e96ee362da244a3116f2434046e56d
lalala	bde02d45c2684d577de71a95a56766f24b624bea48ee28bc323711ee7c990612
vidya	a665a45920422f9d417e4867efdc4fb8a04a1f3fff1fa07e998e86f7f7a27ae3
mehak	169a09ec1df651b070fd111f3f3d60ba56bfaca3f1259b3718a5c307612017c0
username	5e884898da28047151d0e56f8dc6292773603d0d6aabbdd62a11ef721d1542d8
mathss	db2e7f1bd5ab9968ae76199b7cc74795ca7404d5a08d78567715ce532f9d2669
spiderman	c9344c5f1079f7ce9b007e604829f7e8e4516e9132e098ebd58e2cc7f2a5fd4c
he	372f7e2fd2d01ce2a1d71dc072acbba4c6fd25a1087cd7f153f4ec0ce37e1ede
n	1b16b1df538ba12dc3f97edbb85caa7050d46c148134290feba80f8236c83db9
tune	90b04f985ea3902d38fb9d9fa41e98877fb35f12068f23cd50c705c3c0534050
q	8e35c2cd3bf6641bdb0e2050b76932cbb2e6034a0ddacc1d9bea82a6ba57f7cf
floor	c6f51afdddd2551a91a367719b8d2b81568786743e221f404de10c1ae864c2bd
katniss	e91c254ad58860a02c788dfb5c1a65d6a8846ab1dc649631c7db16fef4af2dec
peeta	985604c2b60243122c24d4e18363e6434c535923be05f760204a1aef023aae9b
msthangi	c775e7b757ede630cd0aa1113bd102661ab38829ca52a6422ab782862f268646
